password,user_name,user_email,date_joined
password1,User 1,user1@outlook.com,2024-09-12
password2,User 2,user2@outlook.com,2021-09-23
password3,User 3,user3@yahoo.com,2023-05-08
password4,User 4,user4@gmail.com,2021-11-30
password5,User 5,user5@gmail.com,2024-01-13
password6,User 6,user6@gmail.com,2021-04-11
password7,User 7,user7@gmail.com,2021-03-21
password8,User 8,user8@gmail.com,2023-01-24
password9,User 9,user9@gmail.com,2023-06-06
password10,User 10,user10@gmail.com,2022-12-04
password11,User 11,user11@yahoo.com,2021-03-21
password12,User 12,user12@yahoo.com,2021-06-19
password13,User 13,user13@hotmail.com,2023-10-22
password14,User 14,user14@outlook.com,2023-12-27
password15,User 15,user15@yahoo.com,2024-10-22
password16,User 16,user16@gmail.com,2023-05-09
password17,User 17,user17@yahoo.com,2023-07-28
password18,User 18,user18@yahoo.com,2022-07-20
password19,User 19,user19@gmail.com,2021-12-05
password20,User 20,user20@outlook.com,2023-04-11
password21,User 21,user21@yahoo.com,2024-10-18
password22,User 22,user22@outlook.com,2024-10-02
password23,User 23,user23@outlook.com,2022-06-16
password24,User 24,user24@outlook.com,2021-12-02
password25,User 25,user25@yahoo.com,2021-09-27
password26,User 26,user26@gmail.com,2023-09-28
password27,User 27,user27@yahoo.com,2022-08-02
password28,User 28,user28@hotmail.com,2021-03-16
password29,User 29,user29@outlook.com,2022-11-21
password30,User 30,user30@hotmail.com,2024-06-12
password31,User 31,user31@outlook.com,2023-03-07
password32,User 32,user32@hotmail.com,2021-07-26
password33,User 33,user33@outlook.com,2024-06-15
password34,User 34,user34@outlook.com,2024-03-31
password35,User 35,user35@yahoo.com,2023-01-05
password36,User 36,user36@yahoo.com,2022-02-04
password37,User 37,user37@yahoo.com,2024-09-13
password38,User 38,user38@outlook.com,2024-05-14
password39,User 39,user39@outlook.com,2023-02-02
password40,User 40,user40@gmail.com,2022-03-14
password41,User 41,user41@yahoo.com,2021-05-17
password42,User 42,user42@gmail.com,2024-07-08
password43,User 43,user43@hotmail.com,2023-04-03
password44,User 44,user44@outlook.com,2024-11-05
password45,User 45,user45@yahoo.com,2022-12-08
password46,User 46,user46@gmail.com,2023-04-04
password47,User 47,user47@hotmail.com,2023-07-07
password48,User 48,user48@yahoo.com,2022-06-11
password49,User 49,user49@yahoo.com,2023-06-20
password50,User 50,user50@gmail.com,2022-05-15
password51,User 51,user51@outlook.com,2024-01-03
password52,User 52,user52@outlook.com,2021-04-28
password53,User 53,user53@outlook.com,2021-04-05
password54,User 54,user54@gmail.com,2024-03-26
password55,User 55,user55@gmail.com,2023-12-28
password56,User 56,user56@outlook.com,2021-07-02
password57,User 57,user57@gmail.com,2024-11-11
password58,User 58,user58@yahoo.com,2023-02-20
password59,User 59,user59@gmail.com,2023-06-13
password60,User 60,user60@outlook.com,2021-06-01
password61,User 61,user61@outlook.com,2021-10-05
password62,User 62,user62@outlook.com,2022-08-05
password63,User 63,user63@hotmail.com,2023-12-26
password64,User 64,user64@outlook.com,2024-03-05
password65,User 65,user65@outlook.com,2021-02-07
password66,User 66,user66@hotmail.com,2021-11-09
password67,User 67,user67@outlook.com,2024-01-07
password68,User 68,user68@hotmail.com,2021-07-24
password69,User 69,user69@outlook.com,2023-08-24
password70,User 70,user70@outlook.com,2021-05-18
password71,User 71,user71@hotmail.com,2024-11-07
password72,User 72,user72@outlook.com,2024-09-12
password73,User 73,user73@yahoo.com,2023-07-04
password74,User 74,user74@outlook.com,2023-04-02
password75,User 75,user75@hotmail.com,2021-05-30
password76,User 76,user76@gmail.com,2023-08-11
password77,User 77,user77@gmail.com,2022-08-06
password78,User 78,user78@gmail.com,2023-11-30
password79,User 79,user79@outlook.com,2024-06-15
password80,User 80,user80@yahoo.com,2022-01-13
password81,User 81,user81@yahoo.com,2023-12-30
password82,User 82,user82@yahoo.com,2022-11-22
password83,User 83,user83@hotmail.com,2023-01-10
password84,User 84,user84@hotmail.com,2024-06-20
password85,User 85,user85@outlook.com,2023-01-03
password86,User 86,user86@gmail.com,2021-12-07
password87,User 87,user87@outlook.com,2024-09-05
password88,User 88,user88@gmail.com,2021-03-19
password89,User 89,user89@outlook.com,2023-12-08
password90,User 90,user90@yahoo.com,2022-06-21
password91,User 91,user91@outlook.com,2023-02-05
password92,User 92,user92@outlook.com,2024-06-29
password93,User 93,user93@hotmail.com,2023-11-23
password94,User 94,user94@hotmail.com,2024-03-28
password95,User 95,user95@outlook.com,2024-04-24
password96,User 96,user96@hotmail.com,2024-09-15
password97,User 97,user97@hotmail.com,2021-05-03
password98,User 98,user98@outlook.com,2023-09-27
password99,User 99,user99@yahoo.com,2023-05-27
password100,User 100,user100@gmail.com,2022-08-19
password101,User 101,user101@yahoo.com,2024-06-27
password102,User 102,user102@outlook.com,2022-04-12
password103,User 103,user103@outlook.com,2023-01-08
password104,User 104,user104@yahoo.com,2023-11-02
password105,User 105,user105@outlook.com,2022-05-20
password106,User 106,user106@outlook.com,2024-03-09
password107,User 107,user107@hotmail.com,2024-01-13
password108,User 108,user108@gmail.com,2022-04-21
password109,User 109,user109@yahoo.com,2021-05-22
password110,User 110,user110@yahoo.com,2024-04-20
password111,User 111,user111@hotmail.com,2023-07-12
password112,User 112,user112@hotmail.com,2022-11-30
password113,User 113,user113@yahoo.com,2024-08-27
password114,User 114,user114@gmail.com,2021-02-09
password115,User 115,user115@hotmail.com,2023-06-29
password116,User 116,user116@yahoo.com,2023-04-14
password117,User 117,user117@outlook.com,2024-06-16
password118,User 118,user118@gmail.com,2023-07-10
password119,User 119,user119@hotmail.com,2021-01-12
password120,User 120,user120@hotmail.com,2021-11-06
password121,User 121,user121@outlook.com,2022-08-08
password122,User 122,user122@outlook.com,2021-06-29
password123,User 123,user123@gmail.com,2023-04-12
password124,User 124,user124@hotmail.com,2022-05-13
password125,User 125,user125@yahoo.com,2022-08-18
password126,User 126,user126@hotmail.com,2023-12-18
password127,User 127,user127@outlook.com,2021-03-03
password128,User 128,user128@outlook.com,2023-09-08
password129,User 129,user129@gmail.com,2023-12-24
password130,User 130,user130@hotmail.com,2021-08-06
password131,User 131,user131@hotmail.com,2023-07-15
password132,User 132,user132@hotmail.com,2022-04-22
password133,User 133,user133@outlook.com,2021-06-29
password134,User 134,user134@outlook.com,2022-07-06
password135,User 135,user135@gmail.com,2021-10-04
password136,User 136,user136@yahoo.com,2023-07-08
password137,User 137,user137@gmail.com,2023-07-03
password138,User 138,user138@hotmail.com,2023-05-04
password139,User 139,user139@hotmail.com,2022-06-26
password140,User 140,user140@outlook.com,2021-11-30
password141,User 141,user141@gmail.com,2022-01-31
password142,User 142,user142@gmail.com,2023-06-25
password143,User 143,user143@outlook.com,2022-01-06
password144,User 144,user144@outlook.com,2021-05-12
password145,User 145,user145@gmail.com,2023-04-20
password146,User 146,user146@yahoo.com,2024-08-15
password147,User 147,user147@yahoo.com,2024-07-09
password148,User 148,user148@yahoo.com,2024-11-15
password149,User 149,user149@gmail.com,2024-10-06
password150,User 150,user150@gmail.com,2022-09-04
password151,User 151,user151@gmail.com,2024-07-13
password152,User 152,user152@gmail.com,2024-02-02
password153,User 153,user153@gmail.com,2021-01-20
password154,User 154,user154@outlook.com,2023-01-10
password155,User 155,user155@hotmail.com,2024-09-23
password156,User 156,user156@gmail.com,2021-12-10
password157,User 157,user157@gmail.com,2021-12-24
password158,User 158,user158@gmail.com,2023-07-03
password159,User 159,user159@outlook.com,2024-08-09
password160,User 160,user160@gmail.com,2024-06-26
password161,User 161,user161@outlook.com,2021-12-12
password162,User 162,user162@hotmail.com,2023-04-17
password163,User 163,user163@gmail.com,2024-02-25
password164,User 164,user164@hotmail.com,2024-08-19
password165,User 165,user165@hotmail.com,2024-06-11
password166,User 166,user166@gmail.com,2023-05-02
password167,User 167,user167@outlook.com,2024-05-22
password168,User 168,user168@yahoo.com,2022-08-15
password169,User 169,user169@hotmail.com,2023-01-02
password170,User 170,user170@outlook.com,2023-12-28
password171,User 171,user171@outlook.com,2022-07-11
password172,User 172,user172@yahoo.com,2023-10-22
password173,User 173,user173@outlook.com,2023-07-10
password174,User 174,user174@outlook.com,2022-04-11
password175,User 175,user175@yahoo.com,2021-03-30
password176,User 176,user176@hotmail.com,2022-05-14
password177,User 177,user177@yahoo.com,2021-06-08
password178,User 178,user178@yahoo.com,2021-03-13
password179,User 179,user179@gmail.com,2022-12-07
password180,User 180,user180@yahoo.com,2021-11-13
password181,User 181,user181@outlook.com,2021-06-11
password182,User 182,user182@gmail.com,2024-05-05
password183,User 183,user183@yahoo.com,2022-10-26
password184,User 184,user184@yahoo.com,2021-12-11
password185,User 185,user185@hotmail.com,2023-02-15
password186,User 186,user186@hotmail.com,2023-11-25
password187,User 187,user187@yahoo.com,2021-12-08
password188,User 188,user188@gmail.com,2021-03-31
password189,User 189,user189@gmail.com,2022-02-10
password190,User 190,user190@gmail.com,2023-11-13
password191,User 191,user191@outlook.com,2024-10-25
password192,User 192,user192@yahoo.com,2022-05-25
password193,User 193,user193@outlook.com,2024-03-23
password194,User 194,user194@yahoo.com,2022-06-12
password195,User 195,user195@hotmail.com,2023-02-10
password196,User 196,user196@gmail.com,2022-04-29
password197,User 197,user197@yahoo.com,2022-06-09
password198,User 198,user198@hotmail.com,2021-04-17
password199,User 199,user199@outlook.com,2021-08-22
password200,User 200,user200@hotmail.com,2022-11-13
password201,User 201,user201@outlook.com,2022-08-14
password202,User 202,user202@outlook.com,2021-05-15
password203,User 203,user203@hotmail.com,2023-09-25
password204,User 204,user204@outlook.com,2024-02-24
password205,User 205,user205@outlook.com,2022-02-18
password206,User 206,user206@yahoo.com,2021-08-13
password207,User 207,user207@outlook.com,2021-12-11
password208,User 208,user208@gmail.com,2022-10-06
password209,User 209,user209@gmail.com,2023-02-08
password210,User 210,user210@yahoo.com,2021-12-02
password211,User 211,user211@yahoo.com,2023-10-15
password212,User 212,user212@yahoo.com,2023-04-20
password213,User 213,user213@hotmail.com,2022-02-15
password214,User 214,user214@gmail.com,2021-01-25
password215,User 215,user215@gmail.com,2022-06-25
password216,User 216,user216@hotmail.com,2023-10-10
password217,User 217,user217@gmail.com,2022-01-17
password218,User 218,user218@gmail.com,2023-02-06
password219,User 219,user219@yahoo.com,2024-08-24
password220,User 220,user220@gmail.com,2022-01-20
password221,User 221,user221@gmail.com,2024-11-03
password222,User 222,user222@yahoo.com,2021-11-17
password223,User 223,user223@outlook.com,2023-02-01
password224,User 224,user224@outlook.com,2021-07-21
password225,User 225,user225@outlook.com,2023-04-09
password226,User 226,user226@hotmail.com,2023-05-01
password227,User 227,user227@yahoo.com,2021-07-14
password228,User 228,user228@hotmail.com,2024-11-08
password229,User 229,user229@yahoo.com,2023-01-28
password230,User 230,user230@gmail.com,2022-01-16
password231,User 231,user231@gmail.com,2021-01-14
password232,User 232,user232@outlook.com,2021-11-02
password233,User 233,user233@outlook.com,2023-10-05
password234,User 234,user234@hotmail.com,2022-01-31
password235,User 235,user235@outlook.com,2021-08-25
password236,User 236,user236@outlook.com,2024-09-02
password237,User 237,user237@outlook.com,2021-11-16
password238,User 238,user238@yahoo.com,2022-12-20
password239,User 239,user239@gmail.com,2022-07-29
password240,User 240,user240@outlook.com,2021-02-10
password241,User 241,user241@hotmail.com,2021-01-02
password242,User 242,user242@outlook.com,2021-08-23
password243,User 243,user243@yahoo.com,2023-05-29
password244,User 244,user244@gmail.com,2024-07-18
password245,User 245,user245@yahoo.com,2021-09-03
password246,User 246,user246@hotmail.com,2023-10-20
password247,User 247,user247@gmail.com,2022-02-06
password248,User 248,user248@gmail.com,2022-05-22
password249,User 249,user249@yahoo.com,2024-08-19
password250,User 250,user250@gmail.com,2021-07-04
password251,User 251,user251@hotmail.com,2024-03-04
password252,User 252,user252@outlook.com,2021-11-25
password253,User 253,user253@yahoo.com,2021-11-26
password254,User 254,user254@yahoo.com,2024-01-21
password255,User 255,user255@gmail.com,2022-04-28
password256,User 256,user256@outlook.com,2021-06-13
password257,User 257,user257@gmail.com,2022-09-26
password258,User 258,user258@yahoo.com,2021-03-24
password259,User 259,user259@hotmail.com,2022-08-09
password260,User 260,user260@hotmail.com,2022-02-18
password261,User 261,user261@yahoo.com,2022-10-13
password262,User 262,user262@hotmail.com,2021-09-16
password263,User 263,user263@outlook.com,2024-09-24
password264,User 264,user264@gmail.com,2021-09-09
password265,User 265,user265@gmail.com,2022-05-31
password266,User 266,user266@hotmail.com,2021-08-03
password267,User 267,user267@yahoo.com,2021-07-08
password268,User 268,user268@gmail.com,2024-06-22
password269,User 269,user269@yahoo.com,2023-11-29
password270,User 270,user270@hotmail.com,2023-07-07
password271,User 271,user271@hotmail.com,2024-06-25
password272,User 272,user272@yahoo.com,2021-10-05
password273,User 273,user273@hotmail.com,2021-04-13
password274,User 274,user274@yahoo.com,2024-09-27
password275,User 275,user275@hotmail.com,2022-09-28
password276,User 276,user276@yahoo.com,2022-11-22
password277,User 277,user277@yahoo.com,2022-02-04
password278,User 278,user278@hotmail.com,2021-02-02
password279,User 279,user279@outlook.com,2023-08-12
password280,User 280,user280@hotmail.com,2022-09-20
password281,User 281,user281@gmail.com,2024-01-12
password282,User 282,user282@outlook.com,2024-08-15
password283,User 283,user283@gmail.com,2021-11-24
password284,User 284,user284@gmail.com,2022-09-28
password285,User 285,user285@hotmail.com,2024-11-20
password286,User 286,user286@outlook.com,2022-10-15
password287,User 287,user287@gmail.com,2024-06-01
password288,User 288,user288@outlook.com,2021-02-11
password289,User 289,user289@gmail.com,2023-07-29
password290,User 290,user290@outlook.com,2023-10-27
password291,User 291,user291@hotmail.com,2023-10-05
password292,User 292,user292@gmail.com,2024-07-02
password293,User 293,user293@gmail.com,2023-08-13
password294,User 294,user294@outlook.com,2024-04-18
password295,User 295,user295@yahoo.com,2023-05-01
password296,User 296,user296@outlook.com,2024-09-28
password297,User 297,user297@yahoo.com,2021-07-31
password298,User 298,user298@gmail.com,2022-09-05
password299,User 299,user299@outlook.com,2024-06-07
password300,User 300,user300@yahoo.com,2021-12-27
